{"cameraMode":{"drawMode":0,"name":"Shaded","section":"Shading Mode"},"sceneLighting":true,"audioPlay":false,"sceneViewState":{"m_AlwaysRefresh":false,"showFog":true,"showSkybox":true,"showFlares":true,"showImageEffects":true,"showParticleSystems":true,"showVisualEffectGraphs":true,"m_FxEnabled":true},"in2DMode":false,"pivot":{"x":11.300498008728028,"y":55.93099594116211,"z":13.444099426269532},"rotation":{"x":-0.10958568006753922,"y":-0.012545815669000149,"z":0.006338560953736305,"w":-0.9945536255836487},"size":45.29430389404297,"orthographic":false}