{"cameraMode":{"drawMode":0,"name":"Shaded","section":"Shading Mode"},"sceneLighting":true,"audioPlay":false,"sceneViewState":{"m_AlwaysRefresh":false,"showFog":true,"showSkybox":true,"showFlares":true,"showImageEffects":true,"showParticleSystems":true,"showVisualEffectGraphs":true,"m_FxEnabled":true},"in2DMode":false,"pivot":{"x":129.26788330078126,"y":53.75542068481445,"z":-332.34283447265627},"rotation":{"x":0.0032330902758985759,"y":0.9835109710693359,"z":-0.018021203577518464,"w":0.18096935749053956},"size":180.65650939941407,"orthographic":false}