{"cameraMode":{"drawMode":0,"name":"Shaded","section":"Shading Mode"},"sceneLighting":true,"audioPlay":false,"sceneViewState":{"showFog":true,"showMaterialUpdate":false,"showSkybox":true,"showFlares":true,"showImageEffects":true,"showParticleSystems":true},"in2DMode":false,"pivot":{"x":-47.59768295288086,"y":-13.592761039733887,"z":-323.1608581542969},"rotation":{"x":-0.01044856570661068,"y":0.9895419478416443,"z":-0.11359962821006775,"w":-0.09032385796308518},"size":176.7750701904297,"orthographic":false}