{"cameraMode":{"drawMode":0,"name":"Shaded","section":"Shading Mode"},"sceneLighting":true,"audioPlay":false,"sceneViewState":{"showFog":true,"showMaterialUpdate":false,"showSkybox":true,"showFlares":true,"showImageEffects":true,"showParticleSystems":true},"in2DMode":false,"pivot":{"x":225.0260772705078,"y":-18.290863037109376,"z":-246.75828552246095},"rotation":{"x":0.04272910952568054,"y":0.9303582310676575,"z":-0.11535827815532685,"w":0.3459317088127136},"size":176.7750701904297,"orthographic":false}