{"cameraMode":{"drawMode":0,"name":"Shaded","section":"Shading Mode"},"sceneLighting":true,"audioPlay":false,"sceneViewState":{"showFog":true,"showMaterialUpdate":false,"showSkybox":true,"showFlares":true,"showImageEffects":true,"showParticleSystems":true},"in2DMode":false,"pivot":{"x":-190.03868103027345,"y":-198.1495819091797,"z":-120.8617172241211},"rotation":{"x":0.1998940408229828,"y":-0.7974884510040283,"z":0.36363083124160769,"w":0.43839505314826968},"size":176.7750701904297,"orthographic":false}